-- phpMyAdmin SQL Dump
-- version 5.1.0
-- https://www.phpmyadmin.net/
--
-- Host: 127.0.0.1
-- Generation Time: Aug 07, 2021 at 02:23 PM
-- Server version: 10.4.18-MariaDB
-- PHP Version: 7.3.28

SET SQL_MODE = "NO_AUTO_VALUE_ON_ZERO";
START TRANSACTION;
SET time_zone = "+00:00";


/*!40101 SET @OLD_CHARACTER_SET_CLIENT=@@CHARACTER_SET_CLIENT */;
/*!40101 SET @OLD_CHARACTER_SET_RESULTS=@@CHARACTER_SET_RESULTS */;
/*!40101 SET @OLD_COLLATION_CONNECTION=@@COLLATION_CONNECTION */;
/*!40101 SET NAMES utf8mb4 */;

--
-- Database: `pokemon`
--

-- --------------------------------------------------------

--
-- Table structure for table `pokemons`
--

CREATE TABLE `pokemons` (
  `id` int(11) NOT NULL,
  `name` varchar(45) DEFAULT NULL,
  `height` int(11) DEFAULT NULL,
  `weight` int(11) DEFAULT NULL,
  `base_experience` varchar(45) DEFAULT NULL
) ENGINE=InnoDB DEFAULT CHARSET=utf8mb4;

--
-- Dumping data for table `pokemons`
--

INSERT INTO `pokemons` (`id`, `name`, `height`, `weight`, `base_experience`) VALUES
(1, 'bulbasaur', 7, 69, '64'),
(2, 'ivysaur', 10, 130, '142'),
(3, 'venusaur', 20, 1000, '236'),
(4, 'charmander', 6, 85, '62'),
(5, 'charmeleon', 11, 190, '142'),
(6, 'charizard', 17, 905, '240'),
(7, 'squirtle', 5, 90, '63'),
(8, 'wartortle', 10, 225, '142'),
(9, 'blastoise', 16, 855, '239'),
(10, 'caterpie', 3, 29, '39'),
(11, 'metapod', 7, 99, '72'),
(12, 'butterfree', 11, 320, '178'),
(13, 'weedle', 3, 32, '39'),
(14, 'kakuna', 6, 100, '72'),
(15, 'beedrill', 10, 295, '178'),
(16, 'pidgey', 3, 18, '50'),
(17, 'pidgeotto', 11, 300, '122'),
(18, 'pidgeot', 15, 395, '216'),
(19, 'rattata', 3, 35, '51'),
(20, 'raticate', 7, 185, '145'),
(21, 'spearow', 3, 20, '52'),
(22, 'fearow', 12, 380, '155'),
(23, 'ekans', 20, 69, '58'),
(24, 'arbok', 35, 650, '153'),
(25, 'pikachu', 4, 60, '112'),
(26, 'raichu', 8, 300, '218'),
(27, 'sandshrew', 6, 120, '60'),
(28, 'sandslash', 10, 295, '158'),
(29, 'nidoran-f', 4, 70, '55'),
(30, 'nidorina', 8, 200, '128'),
(31, 'nidoqueen', 13, 600, '227'),
(32, 'nidoran-m', 5, 90, '55'),
(33, 'nidorino', 9, 195, '128'),
(34, 'nidoking', 14, 620, '227'),
(35, 'clefairy', 6, 75, '113'),
(36, 'clefable', 13, 400, '217'),
(37, 'vulpix', 6, 99, '60'),
(38, 'ninetales', 11, 199, '177'),
(39, 'jigglypuff', 5, 55, '95'),
(40, 'wigglytuff', 10, 120, '196'),
(41, 'zubat', 8, 75, '49'),
(42, 'golbat', 16, 550, '159'),
(43, 'oddish', 5, 54, '64'),
(44, 'gloom', 8, 86, '138'),
(45, 'vileplume', 12, 186, '221'),
(46, 'paras', 3, 54, '57'),
(47, 'parasect', 10, 295, '142'),
(48, 'venonat', 10, 300, '61'),
(49, 'venomoth', 15, 125, '158'),
(50, 'diglett', 2, 8, '53'),
(51, 'dugtrio', 7, 333, '142'),
(52, 'meowth', 4, 42, '58'),
(53, 'persian', 10, 320, '154'),
(54, 'psyduck', 8, 196, '64'),
(55, 'golduck', 17, 766, '175'),
(56, 'mankey', 5, 280, '61'),
(57, 'primeape', 10, 320, '159'),
(58, 'growlithe', 7, 190, '70'),
(59, 'arcanine', 19, 1550, '194'),
(60, 'poliwag', 6, 124, '60'),
(61, 'poliwhirl', 10, 200, '135'),
(62, 'poliwrath', 13, 540, '230'),
(63, 'abra', 9, 195, '62'),
(64, 'kadabra', 13, 565, '140'),
(65, 'alakazam', 15, 480, '225'),
(66, 'machop', 8, 195, '61'),
(67, 'machoke', 15, 705, '142'),
(68, 'machamp', 16, 1300, '227'),
(69, 'bellsprout', 7, 40, '60'),
(70, 'weepinbell', 10, 64, '137'),
(71, 'victreebel', 17, 155, '221'),
(72, 'tentacool', 9, 455, '67'),
(73, 'tentacruel', 16, 550, '180'),
(74, 'geodude', 4, 200, '60'),
(75, 'graveler', 10, 1050, '137'),
(76, 'golem', 14, 3000, '223'),
(77, 'ponyta', 10, 300, '82'),
(78, 'rapidash', 17, 950, '175'),
(79, 'slowpoke', 12, 360, '63'),
(80, 'slowbro', 16, 785, '172'),
(81, 'magnemite', 3, 60, '65'),
(82, 'magneton', 10, 600, '163'),
(83, 'farfetchd', 8, 150, '123'),
(84, 'doduo', 14, 392, '62'),
(85, 'dodrio', 18, 852, '161'),
(86, 'seel', 11, 900, '65'),
(87, 'dewgong', 17, 1200, '166'),
(88, 'grimer', 9, 300, '65'),
(89, 'muk', 12, 300, '175'),
(90, 'shellder', 3, 40, '61'),
(91, 'cloyster', 15, 1325, '184'),
(92, 'gastly', 13, 1, '62'),
(93, 'haunter', 16, 1, '142'),
(94, 'gengar', 15, 405, '225'),
(95, 'onix', 88, 2100, '77'),
(96, 'drowzee', 10, 324, '66'),
(97, 'hypno', 16, 756, '169'),
(98, 'krabby', 4, 65, '65'),
(99, 'kingler', 13, 600, '166'),
(100, 'voltorb', 5, 104, '66'),
(101, 'electrode', 12, 666, '168'),
(102, 'exeggcute', 4, 25, '65'),
(103, 'exeggutor', 20, 1200, '182'),
(104, 'cubone', 4, 65, '64'),
(105, 'marowak', 10, 450, '149'),
(106, 'hitmonlee', 15, 498, '159'),
(107, 'hitmonchan', 14, 502, '159'),
(108, 'lickitung', 12, 655, '77'),
(109, 'koffing', 6, 10, '68'),
(110, 'weezing', 12, 95, '172'),
(111, 'rhyhorn', 10, 1150, '69'),
(112, 'rhydon', 19, 1200, '170'),
(113, 'chansey', 11, 346, '395'),
(114, 'tangela', 10, 350, '87'),
(115, 'kangaskhan', 22, 800, '172'),
(116, 'horsea', 4, 80, '59'),
(117, 'seadra', 12, 250, '154'),
(118, 'goldeen', 6, 150, '64'),
(119, 'seaking', 13, 390, '158'),
(120, 'staryu', 8, 345, '68'),
(121, 'starmie', 11, 800, '182'),
(122, 'mr-mime', 13, 545, '161'),
(123, 'scyther', 15, 560, '100'),
(124, 'jynx', 14, 406, '159'),
(125, 'electabuzz', 11, 300, '172'),
(126, 'magmar', 13, 445, '173'),
(127, 'pinsir', 15, 550, '175'),
(128, 'tauros', 14, 884, '172'),
(129, 'magikarp', 9, 100, '40'),
(130, 'gyarados', 65, 2350, '189'),
(131, 'lapras', 25, 2200, '187'),
(132, 'ditto', 3, 40, '101'),
(133, 'eevee', 3, 65, '65'),
(134, 'vaporeon', 10, 290, '184'),
(135, 'jolteon', 8, 245, '184'),
(136, 'flareon', 9, 250, '184'),
(137, 'porygon', 8, 365, '79'),
(138, 'omanyte', 4, 75, '71'),
(139, 'omastar', 10, 350, '173'),
(140, 'kabuto', 5, 115, '71'),
(141, 'kabutops', 13, 405, '173'),
(142, 'aerodactyl', 18, 590, '180'),
(143, 'snorlax', 21, 4600, '189'),
(144, 'articuno', 17, 554, '261'),
(145, 'zapdos', 16, 526, '261'),
(146, 'moltres', 20, 600, '261'),
(147, 'dratini', 18, 33, '60'),
(148, 'dragonair', 40, 165, '147'),
(149, 'dragonite', 22, 2100, '270'),
(150, 'mewtwo', 20, 1220, '306'),
(151, 'mew', 4, 40, '270'),
(152, 'chikorita', 9, 64, '64'),
(153, 'bayleef', 12, 158, '142'),
(154, 'meganium', 18, 1005, '236'),
(155, 'cyndaquil', 5, 79, '62'),
(156, 'quilava', 9, 190, '142'),
(157, 'typhlosion', 17, 795, '240'),
(158, 'totodile', 6, 95, '63'),
(159, 'croconaw', 11, 250, '142'),
(160, 'feraligatr', 23, 888, '239'),
(161, 'sentret', 8, 60, '43'),
(162, 'furret', 18, 325, '145'),
(163, 'hoothoot', 7, 212, '52'),
(164, 'noctowl', 16, 408, '155'),
(165, 'ledyba', 10, 108, '53'),
(166, 'ledian', 14, 356, '137'),
(167, 'spinarak', 5, 85, '50'),
(168, 'ariados', 11, 335, '137'),
(169, 'crobat', 18, 750, '241'),
(170, 'chinchou', 5, 120, '66'),
(171, 'lanturn', 12, 225, '161'),
(172, 'pichu', 3, 20, '41'),
(173, 'cleffa', 3, 30, '44'),
(174, 'igglybuff', 3, 10, '42'),
(175, 'togepi', 3, 15, '49'),
(176, 'togetic', 6, 32, '142'),
(177, 'natu', 2, 20, '64'),
(178, 'xatu', 15, 150, '165'),
(179, 'mareep', 6, 78, '56'),
(180, 'flaaffy', 8, 133, '128'),
(181, 'ampharos', 14, 615, '230'),
(182, 'bellossom', 4, 58, '221'),
(183, 'marill', 4, 85, '88'),
(184, 'azumarill', 8, 285, '189'),
(185, 'sudowoodo', 12, 380, '144'),
(186, 'politoed', 11, 339, '225'),
(187, 'hoppip', 4, 5, '50'),
(188, 'skiploom', 6, 10, '119'),
(189, 'jumpluff', 8, 30, '207'),
(190, 'aipom', 8, 115, '72'),
(191, 'sunkern', 3, 18, '36'),
(192, 'sunflora', 8, 85, '149'),
(193, 'yanma', 12, 380, '78'),
(194, 'wooper', 4, 85, '42'),
(195, 'quagsire', 14, 750, '151'),
(196, 'espeon', 9, 265, '184'),
(197, 'umbreon', 10, 270, '184'),
(198, 'murkrow', 5, 21, '81'),
(199, 'slowking', 20, 795, '172'),
(200, 'misdreavus', 7, 10, '87'),
(201, 'unown', 5, 50, '118'),
(202, 'wobbuffet', 13, 285, '142'),
(203, 'girafarig', 15, 415, '159'),
(204, 'pineco', 6, 72, '58'),
(205, 'forretress', 12, 1258, '163'),
(206, 'dunsparce', 15, 140, '145'),
(207, 'gligar', 11, 648, '86'),
(208, 'steelix', 92, 4000, '179'),
(209, 'snubbull', 6, 78, '60'),
(210, 'granbull', 14, 487, '158'),
(211, 'qwilfish', 5, 39, '86'),
(212, 'scizor', 18, 1180, '175'),
(213, 'shuckle', 6, 205, '177'),
(214, 'heracross', 15, 540, '175'),
(215, 'sneasel', 9, 280, '86'),
(216, 'teddiursa', 6, 88, '66'),
(217, 'ursaring', 18, 1258, '175'),
(218, 'slugma', 7, 350, '50'),
(219, 'magcargo', 8, 550, '144'),
(220, 'swinub', 4, 65, '50'),
(221, 'piloswine', 11, 558, '158'),
(222, 'corsola', 6, 50, '133'),
(223, 'remoraid', 6, 120, '60'),
(224, 'octillery', 9, 285, '168'),
(225, 'delibird', 9, 160, '116'),
(226, 'mantine', 21, 2200, '163'),
(227, 'skarmory', 17, 505, '163'),
(228, 'houndour', 6, 108, '66'),
(229, 'houndoom', 14, 350, '175'),
(230, 'kingdra', 18, 1520, '243'),
(231, 'phanpy', 5, 335, '66'),
(232, 'donphan', 11, 1200, '175'),
(233, 'porygon2', 6, 325, '180'),
(234, 'stantler', 14, 712, '163'),
(235, 'smeargle', 12, 580, '88'),
(236, 'tyrogue', 7, 210, '42'),
(237, 'hitmontop', 14, 480, '159'),
(238, 'smoochum', 4, 60, '61'),
(239, 'elekid', 6, 235, '72'),
(240, 'magby', 7, 214, '73'),
(241, 'miltank', 12, 755, '172'),
(242, 'blissey', 15, 468, '608'),
(243, 'raikou', 19, 1780, '261'),
(244, 'entei', 21, 1980, '261'),
(245, 'suicune', 20, 1870, '261'),
(246, 'larvitar', 6, 720, '60'),
(247, 'pupitar', 12, 1520, '144'),
(248, 'tyranitar', 20, 2020, '270'),
(249, 'lugia', 52, 2160, '306'),
(250, 'ho-oh', 38, 1990, '306'),
(251, 'celebi', 6, 50, '270'),
(252, 'treecko', 5, 50, '62'),
(253, 'grovyle', 9, 216, '142'),
(254, 'sceptile', 17, 522, '239'),
(255, 'torchic', 4, 25, '62'),
(256, 'combusken', 9, 195, '142'),
(257, 'blaziken', 19, 520, '239'),
(258, 'mudkip', 4, 76, '62'),
(259, 'marshtomp', 7, 280, '142'),
(260, 'swampert', 15, 819, '241'),
(261, 'poochyena', 5, 136, '44'),
(262, 'mightyena', 10, 370, '147'),
(263, 'zigzagoon', 4, 175, '48'),
(264, 'linoone', 5, 325, '147'),
(265, 'wurmple', 3, 36, '39'),
(266, 'silcoon', 6, 100, '72'),
(267, 'beautifly', 10, 284, '178'),
(268, 'cascoon', 7, 115, '41'),
(269, 'dustox', 12, 316, '135'),
(270, 'lotad', 5, 26, '44'),
(271, 'lombre', 12, 325, '119'),
(272, 'ludicolo', 15, 550, '216'),
(273, 'seedot', 5, 40, '44'),
(274, 'nuzleaf', 10, 280, '119'),
(275, 'shiftry', 13, 596, '216'),
(276, 'taillow', 3, 23, '54'),
(277, 'swellow', 7, 198, '151'),
(278, 'wingull', 6, 95, '54'),
(279, 'pelipper', 12, 280, '151'),
(280, 'ralts', 4, 66, '40'),
(281, 'kirlia', 8, 202, '97'),
(282, 'gardevoir', 16, 484, '233'),
(283, 'surskit', 5, 17, '54'),
(284, 'masquerain', 8, 36, '145'),
(285, 'shroomish', 4, 45, '59'),
(286, 'breloom', 12, 392, '161'),
(287, 'slakoth', 8, 240, '56'),
(288, 'vigoroth', 14, 465, '154'),
(289, 'slaking', 20, 1305, '252'),
(290, 'nincada', 5, 55, '53'),
(291, 'ninjask', 8, 120, '160'),
(292, 'shedinja', 8, 12, '83'),
(293, 'whismur', 6, 163, '48'),
(294, 'loudred', 10, 405, '126'),
(295, 'exploud', 15, 840, '221'),
(296, 'makuhita', 10, 864, '47'),
(297, 'hariyama', 23, 2538, '166'),
(298, 'azurill', 2, 20, '38'),
(299, 'nosepass', 10, 970, '75'),
(300, 'skitty', 6, 110, '52'),
(301, 'delcatty', 11, 326, '133'),
(302, 'sableye', 5, 110, '133'),
(303, 'mawile', 6, 115, '133'),
(304, 'aron', 4, 600, '66'),
(305, 'lairon', 9, 1200, '151'),
(306, 'aggron', 21, 3600, '239'),
(307, 'meditite', 6, 112, '56'),
(308, 'medicham', 13, 315, '144'),
(309, 'electrike', 6, 152, '59'),
(310, 'manectric', 15, 402, '166'),
(311, 'plusle', 4, 42, '142'),
(312, 'minun', 4, 42, '142'),
(313, 'volbeat', 7, 177, '140'),
(314, 'illumise', 6, 177, '140'),
(315, 'roselia', 3, 20, '140'),
(316, 'gulpin', 4, 103, '60'),
(317, 'swalot', 17, 800, '163'),
(318, 'carvanha', 8, 208, '61'),
(319, 'sharpedo', 18, 888, '161'),
(320, 'wailmer', 20, 1300, '80'),
(321, 'wailord', 145, 3980, '175'),
(322, 'numel', 7, 240, '61'),
(323, 'camerupt', 19, 2200, '161'),
(324, 'torkoal', 5, 804, '165'),
(325, 'spoink', 7, 306, '66'),
(326, 'grumpig', 9, 715, '165'),
(327, 'spinda', 11, 50, '126'),
(328, 'trapinch', 7, 150, '58'),
(329, 'vibrava', 11, 153, '119'),
(330, 'flygon', 20, 820, '234'),
(331, 'cacnea', 4, 513, '67'),
(332, 'cacturne', 13, 774, '166'),
(333, 'swablu', 4, 12, '62'),
(334, 'altaria', 11, 206, '172'),
(335, 'zangoose', 13, 403, '160'),
(336, 'seviper', 27, 525, '160'),
(337, 'lunatone', 10, 1680, '154'),
(338, 'solrock', 12, 1540, '154'),
(339, 'barboach', 4, 19, '58'),
(340, 'whiscash', 9, 236, '164'),
(341, 'corphish', 6, 115, '62'),
(342, 'crawdaunt', 11, 328, '164'),
(343, 'baltoy', 5, 215, '60'),
(344, 'claydol', 15, 1080, '175'),
(345, 'lileep', 10, 238, '71'),
(346, 'cradily', 15, 604, '173'),
(347, 'anorith', 7, 125, '71'),
(348, 'armaldo', 15, 682, '173'),
(349, 'feebas', 6, 74, '40'),
(350, 'milotic', 62, 1620, '189'),
(351, 'castform', 3, 8, '147'),
(352, 'kecleon', 10, 220, '154'),
(353, 'shuppet', 6, 23, '59'),
(354, 'banette', 11, 125, '159'),
(355, 'duskull', 8, 150, '59'),
(356, 'dusclops', 16, 306, '159'),
(357, 'tropius', 20, 1000, '161'),
(358, 'chimecho', 6, 10, '149'),
(359, 'absol', 12, 470, '163'),
(360, 'wynaut', 6, 140, '52'),
(361, 'snorunt', 7, 168, '60'),
(362, 'glalie', 15, 2565, '168'),
(363, 'spheal', 8, 395, '58'),
(364, 'sealeo', 11, 876, '144'),
(365, 'walrein', 14, 1506, '239'),
(366, 'clamperl', 4, 525, '69'),
(367, 'huntail', 17, 270, '170'),
(368, 'gorebyss', 18, 226, '170'),
(369, 'relicanth', 10, 234, '170'),
(370, 'luvdisc', 6, 87, '116'),
(371, 'bagon', 6, 421, '60'),
(372, 'shelgon', 11, 1105, '147'),
(373, 'salamence', 15, 1026, '270'),
(374, 'beldum', 6, 952, '60'),
(375, 'metang', 12, 2025, '147'),
(376, 'metagross', 16, 5500, '270'),
(377, 'regirock', 17, 2300, '261'),
(378, 'regice', 18, 1750, '261'),
(379, 'registeel', 19, 2050, '261'),
(380, 'latias', 14, 400, '270'),
(381, 'latios', 20, 600, '270'),
(382, 'kyogre', 45, 3520, '302'),
(383, 'groudon', 35, 9500, '302'),
(384, 'rayquaza', 70, 2065, '306'),
(385, 'jirachi', 3, 11, '270'),
(386, 'deoxys-normal', 17, 608, '270'),
(387, 'turtwig', 4, 102, '64'),
(388, 'grotle', 11, 970, '142'),
(389, 'torterra', 22, 3100, '236'),
(390, 'chimchar', 5, 62, '62'),
(391, 'monferno', 9, 220, '142'),
(392, 'infernape', 12, 550, '240'),
(393, 'piplup', 4, 52, '63'),
(394, 'prinplup', 8, 230, '142'),
(395, 'empoleon', 17, 845, '239'),
(396, 'starly', 3, 20, '49'),
(397, 'staravia', 6, 155, '119'),
(398, 'staraptor', 12, 249, '218'),
(399, 'bidoof', 5, 200, '50'),
(400, 'bibarel', 10, 315, '144'),
(401, 'kricketot', 3, 22, '39'),
(402, 'kricketune', 10, 255, '134'),
(403, 'shinx', 5, 95, '53'),
(404, 'luxio', 9, 305, '127'),
(405, 'luxray', 14, 420, '235'),
(406, 'budew', 2, 12, '56'),
(407, 'roserade', 9, 145, '232'),
(408, 'cranidos', 9, 315, '70'),
(409, 'rampardos', 16, 1025, '173'),
(410, 'shieldon', 5, 570, '70'),
(411, 'bastiodon', 13, 1495, '173'),
(412, 'burmy', 2, 34, '45'),
(413, 'wormadam-plant', 5, 65, '148'),
(414, 'mothim', 9, 233, '148'),
(415, 'combee', 3, 55, '49'),
(416, 'vespiquen', 12, 385, '166'),
(417, 'pachirisu', 4, 39, '142'),
(418, 'buizel', 7, 295, '66'),
(419, 'floatzel', 11, 335, '173'),
(420, 'cherubi', 4, 33, '55'),
(421, 'cherrim', 5, 93, '158'),
(422, 'shellos', 3, 63, '65'),
(423, 'gastrodon', 9, 299, '166'),
(424, 'ambipom', 12, 203, '169'),
(425, 'drifloon', 4, 12, '70'),
(426, 'drifblim', 12, 150, '174'),
(427, 'buneary', 4, 55, '70'),
(428, 'lopunny', 12, 333, '168'),
(429, 'mismagius', 9, 44, '173'),
(430, 'honchkrow', 9, 273, '177'),
(431, 'glameow', 5, 39, '62'),
(432, 'purugly', 10, 438, '158'),
(433, 'chingling', 2, 6, '57'),
(434, 'stunky', 4, 192, '66'),
(435, 'skuntank', 10, 380, '168'),
(436, 'bronzor', 5, 605, '60'),
(437, 'bronzong', 13, 1870, '175'),
(438, 'bonsly', 5, 150, '58'),
(439, 'mime-jr', 6, 130, '62'),
(440, 'happiny', 6, 244, '110'),
(441, 'chatot', 5, 19, '144'),
(442, 'spiritomb', 10, 1080, '170'),
(443, 'gible', 7, 205, '60'),
(444, 'gabite', 14, 560, '144'),
(445, 'garchomp', 19, 950, '270'),
(446, 'munchlax', 6, 1050, '78'),
(447, 'riolu', 7, 202, '57'),
(448, 'lucario', 12, 540, '184'),
(449, 'hippopotas', 8, 495, '66'),
(450, 'hippowdon', 20, 3000, '184'),
(451, 'skorupi', 8, 120, '66'),
(452, 'drapion', 13, 615, '175'),
(453, 'croagunk', 7, 230, '60'),
(454, 'toxicroak', 13, 444, '172'),
(455, 'carnivine', 14, 270, '159'),
(456, 'finneon', 4, 70, '66'),
(457, 'lumineon', 12, 240, '161'),
(458, 'mantyke', 10, 650, '69'),
(459, 'snover', 10, 505, '67'),
(460, 'abomasnow', 22, 1355, '173'),
(461, 'weavile', 11, 340, '179'),
(462, 'magnezone', 12, 1800, '241'),
(463, 'lickilicky', 17, 1400, '180'),
(464, 'rhyperior', 24, 2828, '241'),
(465, 'tangrowth', 20, 1286, '187'),
(466, 'electivire', 18, 1386, '243'),
(467, 'magmortar', 16, 680, '243'),
(468, 'togekiss', 15, 380, '245'),
(469, 'yanmega', 19, 515, '180'),
(470, 'leafeon', 10, 255, '184'),
(471, 'glaceon', 8, 259, '184'),
(472, 'gliscor', 20, 425, '179'),
(473, 'mamoswine', 25, 2910, '239'),
(474, 'porygon-z', 9, 340, '241'),
(475, 'gallade', 16, 520, '233'),
(476, 'probopass', 14, 3400, '184'),
(477, 'dusknoir', 22, 1066, '236'),
(478, 'froslass', 13, 266, '168'),
(479, 'rotom', 3, 3, '154'),
(480, 'uxie', 3, 3, '261'),
(481, 'mesprit', 3, 3, '261'),
(482, 'azelf', 3, 3, '261'),
(483, 'dialga', 54, 6830, '306'),
(484, 'palkia', 42, 3360, '306'),
(485, 'heatran', 17, 4300, '270'),
(486, 'regigigas', 37, 4200, '302'),
(487, 'giratina-altered', 45, 7500, '306'),
(488, 'cresselia', 15, 856, '270'),
(489, 'phione', 4, 31, '216'),
(490, 'manaphy', 3, 14, '270'),
(491, 'darkrai', 15, 505, '270'),
(492, 'shaymin-land', 2, 21, '270'),
(493, 'arceus', 32, 3200, '324'),
(494, 'victini', 4, 40, '270'),
(495, 'snivy', 6, 81, '62'),
(496, 'servine', 8, 160, '145'),
(497, 'serperior', 33, 630, '238'),
(498, 'tepig', 5, 99, '62'),
(499, 'pignite', 10, 555, '146'),
(500, 'emboar', 16, 1500, '238'),
(501, 'oshawott', 5, 59, '62'),
(502, 'dewott', 8, 245, '145'),
(503, 'samurott', 15, 946, '238'),
(504, 'patrat', 5, 116, '51'),
(505, 'watchog', 11, 270, '147'),
(506, 'lillipup', 4, 41, '55'),
(507, 'herdier', 9, 147, '130'),
(508, 'stoutland', 12, 610, '225'),
(509, 'purrloin', 4, 101, '56'),
(510, 'liepard', 11, 375, '156'),
(511, 'pansage', 6, 105, '63'),
(512, 'simisage', 11, 305, '174'),
(513, 'pansear', 6, 110, '63'),
(514, 'simisear', 10, 280, '174'),
(515, 'panpour', 6, 135, '63'),
(516, 'simipour', 10, 290, '174'),
(517, 'munna', 6, 233, '58'),
(518, 'musharna', 11, 605, '170'),
(519, 'pidove', 3, 21, '53'),
(520, 'tranquill', 6, 150, '125'),
(521, 'unfezant', 12, 290, '220'),
(522, 'blitzle', 8, 298, '59'),
(523, 'zebstrika', 16, 795, '174'),
(524, 'roggenrola', 4, 180, '56'),
(525, 'boldore', 9, 1020, '137'),
(526, 'gigalith', 17, 2600, '232'),
(527, 'woobat', 4, 21, '63'),
(528, 'swoobat', 9, 105, '149'),
(529, 'drilbur', 3, 85, '66'),
(530, 'excadrill', 7, 404, '178'),
(531, 'audino', 11, 310, '390'),
(532, 'timburr', 6, 125, '61'),
(533, 'gurdurr', 12, 400, '142'),
(534, 'conkeldurr', 14, 870, '227'),
(535, 'tympole', 5, 45, '59'),
(536, 'palpitoad', 8, 170, '134'),
(537, 'seismitoad', 15, 620, '229'),
(538, 'throh', 13, 555, '163'),
(539, 'sawk', 14, 510, '163'),
(540, 'sewaddle', 3, 25, '62'),
(541, 'swadloon', 5, 73, '133'),
(542, 'leavanny', 12, 205, '225'),
(543, 'venipede', 4, 53, '52'),
(544, 'whirlipede', 12, 585, '126'),
(545, 'scolipede', 25, 2005, '218'),
(546, 'cottonee', 3, 6, '56'),
(547, 'whimsicott', 7, 66, '168'),
(548, 'petilil', 5, 66, '56'),
(549, 'lilligant', 11, 163, '168'),
(550, 'basculin-red-striped', 10, 180, '161'),
(551, 'sandile', 7, 152, '58'),
(552, 'krokorok', 10, 334, '123'),
(553, 'krookodile', 15, 963, '234'),
(554, 'darumaka', 6, 375, '63'),
(555, 'darmanitan-standard', 13, 929, '168'),
(556, 'maractus', 10, 280, '161'),
(557, 'dwebble', 3, 145, '65'),
(558, 'crustle', 14, 2000, '166'),
(559, 'scraggy', 6, 118, '70'),
(560, 'scrafty', 11, 300, '171'),
(561, 'sigilyph', 14, 140, '172'),
(562, 'yamask', 5, 15, '61'),
(563, 'cofagrigus', 17, 765, '169'),
(564, 'tirtouga', 7, 165, '71'),
(565, 'carracosta', 12, 810, '173'),
(566, 'archen', 5, 95, '71'),
(567, 'archeops', 14, 320, '177'),
(568, 'trubbish', 6, 310, '66'),
(569, 'garbodor', 19, 1073, '166'),
(570, 'zorua', 7, 125, '66'),
(571, 'zoroark', 16, 811, '179'),
(572, 'minccino', 4, 58, '60'),
(573, 'cinccino', 5, 75, '165'),
(574, 'gothita', 4, 58, '58'),
(575, 'gothorita', 7, 180, '137'),
(576, 'gothitelle', 15, 440, '221'),
(577, 'solosis', 3, 10, '58'),
(578, 'duosion', 6, 80, '130'),
(579, 'reuniclus', 10, 201, '221'),
(580, 'ducklett', 5, 55, '61'),
(581, 'swanna', 13, 242, '166'),
(582, 'vanillite', 4, 57, '61'),
(583, 'vanillish', 11, 410, '138'),
(584, 'vanilluxe', 13, 575, '241'),
(585, 'deerling', 6, 195, '67'),
(586, 'sawsbuck', 19, 925, '166'),
(587, 'emolga', 4, 50, '150'),
(588, 'karrablast', 5, 59, '63'),
(589, 'escavalier', 10, 330, '173'),
(590, 'foongus', 2, 10, '59'),
(591, 'amoonguss', 6, 105, '162'),
(592, 'frillish', 12, 330, '67'),
(593, 'jellicent', 22, 1350, '168'),
(594, 'alomomola', 12, 316, '165'),
(595, 'joltik', 1, 6, '64'),
(596, 'galvantula', 8, 143, '165'),
(597, 'ferroseed', 6, 188, '61'),
(598, 'ferrothorn', 10, 1100, '171'),
(599, 'klink', 3, 210, '60'),
(600, 'klang', 6, 510, '154'),
(601, 'klinklang', 6, 810, '234'),
(602, 'tynamo', 2, 3, '55'),
(603, 'eelektrik', 12, 220, '142'),
(604, 'eelektross', 21, 805, '232'),
(605, 'elgyem', 5, 90, '67'),
(606, 'beheeyem', 10, 345, '170'),
(607, 'litwick', 3, 31, '55'),
(608, 'lampent', 6, 130, '130'),
(609, 'chandelure', 10, 343, '234'),
(610, 'axew', 6, 180, '64'),
(611, 'fraxure', 10, 360, '144'),
(612, 'haxorus', 18, 1055, '243'),
(613, 'cubchoo', 5, 85, '61'),
(614, 'beartic', 26, 2600, '170'),
(615, 'cryogonal', 11, 1480, '170'),
(616, 'shelmet', 4, 77, '61'),
(617, 'accelgor', 8, 253, '173'),
(618, 'stunfisk', 7, 110, '165'),
(619, 'mienfoo', 9, 200, '70'),
(620, 'mienshao', 14, 355, '179'),
(621, 'druddigon', 16, 1390, '170'),
(622, 'golett', 10, 920, '61'),
(623, 'golurk', 28, 3300, '169'),
(624, 'pawniard', 5, 102, '68'),
(625, 'bisharp', 16, 700, '172'),
(626, 'bouffalant', 16, 946, '172'),
(627, 'rufflet', 5, 105, '70'),
(628, 'braviary', 15, 410, '179'),
(629, 'vullaby', 5, 90, '74'),
(630, 'mandibuzz', 12, 395, '179'),
(631, 'heatmor', 14, 580, '169'),
(632, 'durant', 3, 330, '169'),
(633, 'deino', 8, 173, '60'),
(634, 'zweilous', 14, 500, '147'),
(635, 'hydreigon', 18, 1600, '270'),
(636, 'larvesta', 11, 288, '72'),
(637, 'volcarona', 16, 460, '248'),
(638, 'cobalion', 21, 2500, '261'),
(639, 'terrakion', 19, 2600, '261'),
(640, 'virizion', 20, 2000, '261'),
(641, 'tornadus-incarnate', 15, 630, '261'),
(642, 'thundurus-incarnate', 15, 610, '261'),
(643, 'reshiram', 32, 3300, '306'),
(644, 'zekrom', 29, 3450, '306'),
(645, 'landorus-incarnate', 15, 680, '270'),
(646, 'kyurem', 30, 3250, '297'),
(647, 'keldeo-ordinary', 14, 485, '261'),
(648, 'meloetta-aria', 6, 65, '270'),
(649, 'genesect', 15, 825, '270'),
(650, 'chespin', 4, 90, '63'),
(651, 'quilladin', 7, 290, '142'),
(652, 'chesnaught', 16, 900, '239'),
(653, 'fennekin', 4, 94, '61'),
(654, 'braixen', 10, 145, '143'),
(655, 'delphox', 15, 390, '240'),
(656, 'froakie', 3, 70, '63'),
(657, 'frogadier', 6, 109, '142'),
(658, 'greninja', 15, 400, '239'),
(659, 'bunnelby', 4, 50, '47'),
(660, 'diggersby', 10, 424, '148'),
(661, 'fletchling', 3, 17, '56'),
(662, 'fletchinder', 7, 160, '134'),
(663, 'talonflame', 12, 245, '175'),
(664, 'scatterbug', 3, 25, '40'),
(665, 'spewpa', 3, 84, '75'),
(666, 'vivillon', 12, 170, '185'),
(667, 'litleo', 6, 135, '74'),
(668, 'pyroar', 15, 815, '177'),
(669, 'flabebe', 1, 1, '61'),
(670, 'floette', 2, 9, '130'),
(671, 'florges', 11, 100, '248'),
(672, 'skiddo', 9, 310, '70'),
(673, 'gogoat', 17, 910, '186'),
(674, 'pancham', 6, 80, '70'),
(675, 'pangoro', 21, 1360, '173'),
(676, 'furfrou', 12, 280, '165'),
(677, 'espurr', 3, 35, '71'),
(678, 'meowstic-male', 6, 85, '163'),
(679, 'honedge', 8, 20, '65'),
(680, 'doublade', 8, 45, '157'),
(681, 'aegislash-shield', 17, 530, '234'),
(682, 'spritzee', 2, 5, '68'),
(683, 'aromatisse', 8, 155, '162'),
(684, 'swirlix', 4, 35, '68'),
(685, 'slurpuff', 8, 50, '168'),
(686, 'inkay', 4, 35, '58'),
(687, 'malamar', 15, 470, '169'),
(688, 'binacle', 5, 310, '61'),
(689, 'barbaracle', 13, 960, '175'),
(690, 'skrelp', 5, 73, '64'),
(691, 'dragalge', 18, 815, '173'),
(692, 'clauncher', 5, 83, '66'),
(693, 'clawitzer', 13, 353, '100'),
(694, 'helioptile', 5, 60, '58'),
(695, 'heliolisk', 10, 210, '168'),
(696, 'tyrunt', 8, 260, '72'),
(697, 'tyrantrum', 25, 2700, '182'),
(698, 'amaura', 13, 252, '72'),
(699, 'aurorus', 27, 2250, '104'),
(700, 'sylveon', 10, 235, '184'),
(701, 'hawlucha', 8, 215, '175'),
(702, 'dedenne', 2, 22, '151'),
(703, 'carbink', 3, 57, '100'),
(704, 'goomy', 3, 28, '60'),
(705, 'sliggoo', 8, 175, '158'),
(706, 'goodra', 20, 1505, '270'),
(707, 'klefki', 2, 30, '165'),
(708, 'phantump', 4, 70, '62'),
(709, 'trevenant', 15, 710, '166'),
(710, 'pumpkaboo-average', 4, 50, '67'),
(711, 'gourgeist-average', 9, 125, '173'),
(712, 'bergmite', 10, 995, '61'),
(713, 'avalugg', 20, 5050, '180'),
(714, 'noibat', 5, 80, '49'),
(715, 'noivern', 15, 850, '187'),
(716, 'xerneas', 30, 2150, '306'),
(717, 'yveltal', 58, 2030, '306'),
(718, 'zygarde', 50, 3050, '270'),
(719, 'diancie', 7, 88, '270'),
(720, 'hoopa', 5, 90, '270'),
(721, 'volcanion', 17, 1950, '270'),
(722, 'popplio', 0, 0, '0'),
(724, 'Felix', 170, 70, '100'),
(725, 'Felix', 170, 70, '100'),
(726, '', 0, 0, '0'),
(727, '', 0, 0, '0'),
(728, '', 0, 0, '0'),
(729, 'Felix', 170, 70, '100'),
(730, 'kucing', 130, 70, '1');

-- --------------------------------------------------------

--
-- Table structure for table `pokemon_types`
--

CREATE TABLE `pokemon_types` (
  `id` int(11) NOT NULL,
  `pokemon_id` int(11) DEFAULT NULL,
  `type_id` int(11) DEFAULT NULL,
  `slot` int(11) DEFAULT NULL
) ENGINE=InnoDB DEFAULT CHARSET=utf8mb4;

--
-- Dumping data for table `pokemon_types`
--

INSERT INTO `pokemon_types` (`id`, `pokemon_id`, `type_id`, `slot`) VALUES
(1, 16, 1, 1),
(2, 17, 1, 1),
(3, 18, 1, 1),
(4, 19, 1, 1),
(5, 20, 1, 1),
(6, 21, 1, 1),
(7, 22, 1, 1),
(8, 39, 1, 1),
(9, 40, 1, 1),
(10, 52, 1, 1),
(11, 53, 1, 1),
(12, 83, 1, 1),
(13, 84, 1, 1),
(14, 85, 1, 1),
(15, 108, 1, 1),
(16, 113, 1, 1),
(17, 115, 1, 1),
(18, 128, 1, 1),
(19, 132, 1, 1),
(20, 133, 1, 1),
(21, 137, 1, 1),
(22, 143, 1, 1),
(23, 161, 1, 1),
(24, 162, 1, 1),
(25, 163, 1, 1),
(26, 164, 1, 1),
(27, 174, 1, 1),
(28, 190, 1, 1),
(29, 203, 1, 1),
(30, 206, 1, 1),
(31, 216, 1, 1),
(32, 217, 1, 1),
(33, 233, 1, 1),
(34, 234, 1, 1),
(35, 235, 1, 1),
(36, 241, 1, 1),
(37, 242, 1, 1),
(38, 263, 1, 1),
(39, 264, 1, 1),
(40, 276, 1, 1),
(41, 277, 1, 1),
(42, 287, 1, 1),
(43, 288, 1, 1),
(44, 289, 1, 1),
(45, 293, 1, 1),
(46, 294, 1, 1),
(47, 295, 1, 1),
(48, 298, 1, 1),
(49, 300, 1, 1),
(50, 301, 1, 1),
(51, 327, 1, 1),
(52, 333, 1, 1),
(53, 335, 1, 1),
(54, 351, 1, 1),
(55, 352, 1, 1),
(56, 396, 1, 1),
(57, 397, 1, 1),
(58, 398, 1, 1),
(59, 399, 1, 1),
(60, 400, 1, 1),
(61, 424, 1, 1),
(62, 427, 1, 1),
(63, 428, 1, 1),
(64, 431, 1, 1),
(65, 432, 1, 1),
(66, 440, 1, 1),
(67, 441, 1, 1),
(68, 446, 1, 1),
(69, 463, 1, 1),
(70, 474, 1, 1),
(71, 486, 1, 1),
(72, 493, 1, 1),
(73, 504, 1, 1),
(74, 505, 1, 1),
(75, 506, 1, 1),
(76, 507, 1, 1),
(77, 508, 1, 1),
(78, 519, 1, 1),
(79, 520, 1, 1),
(80, 521, 1, 1),
(81, 531, 1, 1),
(82, 572, 1, 1),
(83, 573, 1, 1),
(84, 585, 1, 1),
(85, 586, 1, 1),
(86, 626, 1, 1),
(87, 627, 1, 1),
(88, 628, 1, 1),
(89, 648, 1, 1),
(90, 659, 1, 1),
(91, 660, 1, 1),
(92, 661, 1, 1),
(93, 667, 1, 2),
(94, 668, 1, 2),
(95, 676, 1, 1),
(96, 694, 1, 2),
(97, 695, 1, 2),
(98, 10018, 1, 1),
(99, 10039, 1, 1),
(100, 10069, 1, 1),
(101, 10073, 1, 1),
(102, 10088, 1, 1),
(103, 56, 2, 1),
(104, 57, 2, 1),
(105, 62, 2, 2),
(106, 66, 2, 1),
(107, 67, 2, 1),
(108, 68, 2, 1),
(109, 106, 2, 1),
(110, 107, 2, 1),
(111, 214, 2, 2),
(112, 236, 2, 1),
(113, 237, 2, 1),
(114, 256, 2, 2),
(115, 257, 2, 2),
(116, 286, 2, 2),
(117, 296, 2, 1),
(118, 297, 2, 1),
(119, 307, 2, 1),
(120, 308, 2, 1),
(121, 391, 2, 2),
(122, 392, 2, 2),
(123, 447, 2, 1),
(124, 448, 2, 1),
(125, 453, 2, 2),
(126, 454, 2, 2),
(127, 475, 2, 2),
(128, 499, 2, 2),
(129, 500, 2, 2),
(130, 532, 2, 1),
(131, 533, 2, 1),
(132, 534, 2, 1),
(133, 538, 2, 1),
(134, 539, 2, 1),
(135, 559, 2, 2),
(136, 560, 2, 2),
(137, 619, 2, 1),
(138, 620, 2, 1),
(139, 638, 2, 2),
(140, 639, 2, 2),
(141, 640, 2, 2),
(142, 647, 2, 2),
(143, 652, 2, 2),
(144, 674, 2, 1),
(145, 675, 2, 1),
(146, 701, 2, 1),
(147, 10018, 2, 2),
(148, 10024, 2, 2),
(149, 10043, 2, 2),
(150, 10047, 2, 2),
(151, 10050, 2, 2),
(152, 10054, 2, 1),
(153, 10059, 2, 1),
(154, 10068, 2, 2),
(155, 10088, 2, 2),
(156, 6, 3, 2),
(157, 12, 3, 2),
(158, 16, 3, 2),
(159, 17, 3, 2),
(160, 18, 3, 2),
(161, 21, 3, 2),
(162, 22, 3, 2),
(163, 41, 3, 2),
(164, 42, 3, 2),
(165, 83, 3, 2),
(166, 84, 3, 2),
(167, 85, 3, 2),
(168, 123, 3, 2),
(169, 130, 3, 2),
(170, 142, 3, 2),
(171, 144, 3, 2),
(172, 145, 3, 2),
(173, 146, 3, 2),
(174, 149, 3, 2),
(175, 163, 3, 2),
(176, 164, 3, 2),
(177, 165, 3, 2),
(178, 166, 3, 2),
(179, 169, 3, 2),
(180, 176, 3, 2),
(181, 177, 3, 2),
(182, 178, 3, 2),
(183, 187, 3, 2),
(184, 188, 3, 2),
(185, 189, 3, 2),
(186, 193, 3, 2),
(187, 198, 3, 2),
(188, 207, 3, 2),
(189, 225, 3, 2),
(190, 226, 3, 2),
(191, 227, 3, 2),
(192, 249, 3, 2),
(193, 250, 3, 2),
(194, 267, 3, 2),
(195, 276, 3, 2),
(196, 277, 3, 2),
(197, 278, 3, 2),
(198, 279, 3, 2),
(199, 284, 3, 2),
(200, 291, 3, 2),
(201, 333, 3, 2),
(202, 334, 3, 2),
(203, 357, 3, 2),
(204, 373, 3, 2),
(205, 384, 3, 2),
(206, 396, 3, 2),
(207, 397, 3, 2),
(208, 398, 3, 2),
(209, 414, 3, 2),
(210, 415, 3, 2),
(211, 416, 3, 2),
(212, 425, 3, 2),
(213, 426, 3, 2),
(214, 430, 3, 2),
(215, 441, 3, 2),
(216, 458, 3, 2),
(217, 468, 3, 2),
(218, 469, 3, 2),
(219, 472, 3, 2),
(220, 519, 3, 2),
(221, 520, 3, 2),
(222, 521, 3, 2),
(223, 527, 3, 2),
(224, 528, 3, 2),
(225, 561, 3, 2),
(226, 566, 3, 2),
(227, 567, 3, 2),
(228, 580, 3, 2),
(229, 581, 3, 2),
(230, 587, 3, 2),
(231, 627, 3, 2),
(232, 628, 3, 2),
(233, 629, 3, 2),
(234, 630, 3, 2),
(235, 641, 3, 1),
(236, 642, 3, 2),
(237, 645, 3, 2),
(238, 661, 3, 2),
(239, 662, 3, 2),
(240, 663, 3, 2),
(241, 666, 3, 2),
(242, 701, 3, 2),
(243, 714, 3, 1),
(244, 715, 3, 1),
(245, 717, 3, 2),
(246, 10006, 3, 2),
(247, 10011, 3, 2),
(248, 10019, 3, 1),
(249, 10020, 3, 2),
(250, 10021, 3, 2),
(251, 10035, 3, 2),
(252, 10040, 3, 2),
(253, 10042, 3, 2),
(254, 10073, 3, 2),
(255, 10079, 3, 2),
(256, 10089, 3, 2),
(257, 1, 4, 2),
(258, 2, 4, 2),
(259, 3, 4, 2),
(260, 13, 4, 2),
(261, 14, 4, 2),
(262, 15, 4, 2),
(263, 23, 4, 1),
(264, 24, 4, 1),
(265, 29, 4, 1),
(266, 30, 4, 1),
(267, 31, 4, 1),
(268, 32, 4, 1),
(269, 33, 4, 1),
(270, 34, 4, 1),
(271, 41, 4, 1),
(272, 42, 4, 1),
(273, 43, 4, 2),
(274, 44, 4, 2),
(275, 45, 4, 2),
(276, 48, 4, 2),
(277, 49, 4, 2),
(278, 69, 4, 2),
(279, 70, 4, 2),
(280, 71, 4, 2),
(281, 72, 4, 2),
(282, 73, 4, 2),
(283, 88, 4, 1),
(284, 89, 4, 1),
(285, 92, 4, 2),
(286, 93, 4, 2),
(287, 94, 4, 2),
(288, 109, 4, 1),
(289, 110, 4, 1),
(290, 167, 4, 2),
(291, 168, 4, 2),
(292, 169, 4, 1),
(293, 211, 4, 2),
(294, 269, 4, 2),
(295, 315, 4, 2),
(296, 316, 4, 1),
(297, 317, 4, 1),
(298, 336, 4, 1),
(299, 406, 4, 2),
(300, 407, 4, 2),
(301, 434, 4, 1),
(302, 435, 4, 1),
(303, 451, 4, 1),
(304, 452, 4, 1),
(305, 453, 4, 1),
(306, 454, 4, 1),
(307, 543, 4, 2),
(308, 544, 4, 2),
(309, 545, 4, 2),
(310, 568, 4, 1),
(311, 569, 4, 1),
(312, 590, 4, 2),
(313, 591, 4, 2),
(314, 690, 4, 1),
(315, 691, 4, 1),
(316, 10033, 4, 2),
(317, 10038, 4, 2),
(318, 10090, 4, 2),
(319, 27, 5, 1),
(320, 28, 5, 1),
(321, 31, 5, 2),
(322, 34, 5, 2),
(323, 50, 5, 1),
(324, 51, 5, 1),
(325, 74, 5, 2),
(326, 75, 5, 2),
(327, 76, 5, 2),
(328, 95, 5, 2),
(329, 104, 5, 1),
(330, 105, 5, 1),
(331, 111, 5, 1),
(332, 112, 5, 1),
(333, 194, 5, 2),
(334, 195, 5, 2),
(335, 207, 5, 1),
(336, 208, 5, 2),
(337, 220, 5, 2),
(338, 221, 5, 2),
(339, 231, 5, 1),
(340, 232, 5, 1),
(341, 246, 5, 2),
(342, 247, 5, 2),
(343, 259, 5, 2),
(344, 260, 5, 2),
(345, 290, 5, 2),
(346, 322, 5, 2),
(347, 323, 5, 2),
(348, 328, 5, 1),
(349, 329, 5, 1),
(350, 330, 5, 1),
(351, 339, 5, 2),
(352, 340, 5, 2),
(353, 343, 5, 1),
(354, 344, 5, 1),
(355, 383, 5, 1),
(356, 389, 5, 2),
(357, 423, 5, 2),
(358, 443, 5, 2),
(359, 444, 5, 2),
(360, 445, 5, 2),
(361, 449, 5, 1),
(362, 450, 5, 1),
(363, 464, 5, 1),
(364, 472, 5, 1),
(365, 473, 5, 2),
(366, 529, 5, 1),
(367, 530, 5, 1),
(368, 536, 5, 2),
(369, 537, 5, 2),
(370, 551, 5, 1),
(371, 552, 5, 1),
(372, 553, 5, 1),
(373, 618, 5, 1),
(374, 622, 5, 1),
(375, 623, 5, 1),
(376, 645, 5, 1),
(377, 660, 5, 2),
(378, 718, 5, 2),
(379, 10004, 5, 2),
(380, 10021, 5, 1),
(381, 10058, 5, 2),
(382, 10064, 5, 2),
(383, 10072, 5, 2),
(384, 10078, 5, 1),
(385, 10087, 5, 2),
(386, 74, 6, 1),
(387, 75, 6, 1),
(388, 76, 6, 1),
(389, 95, 6, 1),
(390, 111, 6, 2),
(391, 112, 6, 2),
(392, 138, 6, 1),
(393, 139, 6, 1),
(394, 140, 6, 1),
(395, 141, 6, 1),
(396, 142, 6, 1),
(397, 185, 6, 1),
(398, 213, 6, 2),
(399, 219, 6, 2),
(400, 222, 6, 2),
(401, 246, 6, 1),
(402, 247, 6, 1),
(403, 248, 6, 1),
(404, 299, 6, 1),
(405, 304, 6, 2),
(406, 305, 6, 2),
(407, 306, 6, 2),
(408, 337, 6, 1),
(409, 338, 6, 1),
(410, 345, 6, 1),
(411, 346, 6, 1),
(412, 347, 6, 1),
(413, 348, 6, 1),
(414, 369, 6, 2),
(415, 377, 6, 1),
(416, 408, 6, 1),
(417, 409, 6, 1),
(418, 410, 6, 1),
(419, 411, 6, 1),
(420, 438, 6, 1),
(421, 464, 6, 2),
(422, 476, 6, 1),
(423, 524, 6, 1),
(424, 525, 6, 1),
(425, 526, 6, 1),
(426, 557, 6, 2),
(427, 558, 6, 2),
(428, 564, 6, 2),
(429, 565, 6, 2),
(430, 566, 6, 1),
(431, 567, 6, 1),
(432, 639, 6, 1),
(433, 688, 6, 1),
(434, 689, 6, 1),
(435, 696, 6, 1),
(436, 697, 6, 1),
(437, 698, 6, 1),
(438, 699, 6, 1),
(439, 703, 6, 1),
(440, 719, 6, 1),
(441, 10042, 6, 1),
(442, 10049, 6, 1),
(443, 10075, 6, 1),
(444, 10, 7, 1),
(445, 11, 7, 1),
(446, 12, 7, 1),
(447, 13, 7, 1),
(448, 14, 7, 1),
(449, 15, 7, 1),
(450, 46, 7, 1),
(451, 47, 7, 1),
(452, 48, 7, 1),
(453, 49, 7, 1),
(454, 123, 7, 1),
(455, 127, 7, 1),
(456, 165, 7, 1),
(457, 166, 7, 1),
(458, 167, 7, 1),
(459, 168, 7, 1),
(460, 193, 7, 1),
(461, 204, 7, 1),
(462, 205, 7, 1),
(463, 212, 7, 1),
(464, 213, 7, 1),
(465, 214, 7, 1),
(466, 265, 7, 1),
(467, 266, 7, 1),
(468, 267, 7, 1),
(469, 268, 7, 1),
(470, 269, 7, 1),
(471, 283, 7, 1),
(472, 284, 7, 1),
(473, 290, 7, 1),
(474, 291, 7, 1),
(475, 292, 7, 1),
(476, 313, 7, 1),
(477, 314, 7, 1),
(478, 347, 7, 2),
(479, 348, 7, 2),
(480, 401, 7, 1),
(481, 402, 7, 1),
(482, 412, 7, 1),
(483, 413, 7, 1),
(484, 414, 7, 1),
(485, 415, 7, 1),
(486, 416, 7, 1),
(487, 451, 7, 2),
(488, 469, 7, 1),
(489, 540, 7, 1),
(490, 541, 7, 1),
(491, 542, 7, 1),
(492, 543, 7, 1),
(493, 544, 7, 1),
(494, 545, 7, 1),
(495, 557, 7, 1),
(496, 558, 7, 1),
(497, 588, 7, 1),
(498, 589, 7, 1),
(499, 595, 7, 1),
(500, 596, 7, 1),
(501, 616, 7, 1),
(502, 617, 7, 1),
(503, 632, 7, 1),
(504, 636, 7, 1),
(505, 637, 7, 1),
(506, 649, 7, 1),
(507, 664, 7, 1),
(508, 665, 7, 1),
(509, 666, 7, 1),
(510, 10004, 7, 1),
(511, 10005, 7, 1),
(512, 10040, 7, 1),
(513, 10046, 7, 1),
(514, 10047, 7, 1),
(515, 10090, 7, 1),
(516, 92, 8, 1),
(517, 93, 8, 1),
(518, 94, 8, 1),
(519, 200, 8, 1),
(520, 292, 8, 2),
(521, 302, 8, 2),
(522, 353, 8, 1),
(523, 354, 8, 1),
(524, 355, 8, 1),
(525, 356, 8, 1),
(526, 425, 8, 1),
(527, 426, 8, 1),
(528, 429, 8, 1),
(529, 442, 8, 1),
(530, 477, 8, 1),
(531, 478, 8, 2),
(532, 479, 8, 2),
(533, 487, 8, 1),
(534, 562, 8, 1),
(535, 563, 8, 1),
(536, 592, 8, 2),
(537, 593, 8, 2),
(538, 607, 8, 1),
(539, 608, 8, 1),
(540, 609, 8, 1),
(541, 622, 8, 2),
(542, 623, 8, 2),
(543, 679, 8, 2),
(544, 680, 8, 2),
(545, 681, 8, 2),
(546, 708, 8, 1),
(547, 709, 8, 1),
(548, 710, 8, 1),
(549, 711, 8, 1),
(550, 720, 8, 2),
(551, 10007, 8, 1),
(552, 10026, 8, 2),
(553, 10027, 8, 1),
(554, 10028, 8, 1),
(555, 10029, 8, 1),
(556, 10030, 8, 1),
(557, 10031, 8, 1),
(558, 10032, 8, 1),
(559, 10038, 8, 1),
(560, 10056, 8, 1),
(561, 10066, 8, 2),
(562, 81, 9, 2),
(563, 82, 9, 2),
(564, 205, 9, 2),
(565, 208, 9, 1),
(566, 212, 9, 2),
(567, 227, 9, 1),
(568, 303, 9, 1),
(569, 304, 9, 1),
(570, 305, 9, 1),
(571, 306, 9, 1),
(572, 374, 9, 1),
(573, 375, 9, 1),
(574, 376, 9, 1),
(575, 379, 9, 1),
(576, 385, 9, 1),
(577, 395, 9, 2),
(578, 410, 9, 2),
(579, 411, 9, 2),
(580, 436, 9, 1),
(581, 437, 9, 1),
(582, 448, 9, 2),
(583, 462, 9, 2),
(584, 476, 9, 2),
(585, 483, 9, 1),
(586, 485, 9, 2),
(587, 530, 9, 2),
(588, 589, 9, 2),
(589, 597, 9, 2),
(590, 598, 9, 2),
(591, 599, 9, 1),
(592, 600, 9, 1),
(593, 601, 9, 1),
(594, 624, 9, 2),
(595, 625, 9, 2),
(596, 632, 9, 2),
(597, 638, 9, 1),
(598, 649, 9, 2),
(599, 679, 9, 1),
(600, 680, 9, 1),
(601, 681, 9, 1),
(602, 707, 9, 1),
(603, 10005, 9, 2),
(604, 10026, 9, 1),
(605, 10046, 9, 2),
(606, 10052, 9, 1),
(607, 10053, 9, 1),
(608, 10059, 9, 2),
(609, 10072, 9, 1),
(610, 10076, 9, 1),
(611, 4, 10, 1),
(612, 5, 10, 1),
(613, 6, 10, 1),
(614, 37, 10, 1),
(615, 38, 10, 1),
(616, 58, 10, 1),
(617, 59, 10, 1),
(618, 77, 10, 1),
(619, 78, 10, 1),
(620, 126, 10, 1),
(621, 136, 10, 1),
(622, 146, 10, 1),
(623, 155, 10, 1),
(624, 156, 10, 1),
(625, 157, 10, 1),
(626, 218, 10, 1),
(627, 219, 10, 1),
(628, 228, 10, 2),
(629, 229, 10, 2),
(630, 240, 10, 1),
(631, 244, 10, 1),
(632, 250, 10, 1),
(633, 255, 10, 1),
(634, 256, 10, 1),
(635, 257, 10, 1),
(636, 322, 10, 1),
(637, 323, 10, 1),
(638, 324, 10, 1),
(639, 390, 10, 1),
(640, 391, 10, 1),
(641, 392, 10, 1),
(642, 467, 10, 1),
(643, 485, 10, 1),
(644, 494, 10, 2),
(645, 498, 10, 1),
(646, 499, 10, 1),
(647, 500, 10, 1),
(648, 513, 10, 1),
(649, 514, 10, 1),
(650, 554, 10, 1),
(651, 555, 10, 1),
(652, 607, 10, 2),
(653, 608, 10, 2),
(654, 609, 10, 2),
(655, 631, 10, 1),
(656, 636, 10, 2),
(657, 637, 10, 2),
(658, 643, 10, 2),
(659, 653, 10, 1),
(660, 654, 10, 1),
(661, 655, 10, 1),
(662, 662, 10, 1),
(663, 663, 10, 1),
(664, 667, 10, 1),
(665, 668, 10, 1),
(666, 721, 10, 1),
(667, 10008, 10, 2),
(668, 10013, 10, 1),
(669, 10017, 10, 1),
(670, 10034, 10, 1),
(671, 10035, 10, 1),
(672, 10048, 10, 2),
(673, 10050, 10, 1),
(674, 10078, 10, 2),
(675, 10087, 10, 1),
(676, 7, 11, 1),
(677, 8, 11, 1),
(678, 9, 11, 1),
(679, 54, 11, 1),
(680, 55, 11, 1),
(681, 60, 11, 1),
(682, 61, 11, 1),
(683, 62, 11, 1),
(684, 72, 11, 1),
(685, 73, 11, 1),
(686, 79, 11, 1),
(687, 80, 11, 1),
(688, 86, 11, 1),
(689, 87, 11, 1),
(690, 90, 11, 1),
(691, 91, 11, 1),
(692, 98, 11, 1),
(693, 99, 11, 1),
(694, 116, 11, 1),
(695, 117, 11, 1),
(696, 118, 11, 1),
(697, 119, 11, 1),
(698, 120, 11, 1),
(699, 121, 11, 1),
(700, 129, 11, 1),
(701, 130, 11, 1),
(702, 131, 11, 1),
(703, 134, 11, 1),
(704, 138, 11, 2),
(705, 139, 11, 2),
(706, 140, 11, 2),
(707, 141, 11, 2),
(708, 158, 11, 1),
(709, 159, 11, 1),
(710, 160, 11, 1),
(711, 170, 11, 1),
(712, 171, 11, 1),
(713, 183, 11, 1),
(714, 184, 11, 1),
(715, 186, 11, 1),
(716, 194, 11, 1),
(717, 195, 11, 1),
(718, 199, 11, 1),
(719, 211, 11, 1),
(720, 222, 11, 1),
(721, 223, 11, 1),
(722, 224, 11, 1),
(723, 226, 11, 1),
(724, 230, 11, 1),
(725, 245, 11, 1),
(726, 258, 11, 1),
(727, 259, 11, 1),
(728, 260, 11, 1),
(729, 270, 11, 1),
(730, 271, 11, 1),
(731, 272, 11, 1),
(732, 278, 11, 1),
(733, 279, 11, 1),
(734, 283, 11, 2),
(735, 318, 11, 1),
(736, 319, 11, 1),
(737, 320, 11, 1),
(738, 321, 11, 1),
(739, 339, 11, 1),
(740, 340, 11, 1),
(741, 341, 11, 1),
(742, 342, 11, 1),
(743, 349, 11, 1),
(744, 350, 11, 1),
(745, 363, 11, 2),
(746, 364, 11, 2),
(747, 365, 11, 2),
(748, 366, 11, 1),
(749, 367, 11, 1),
(750, 368, 11, 1),
(751, 369, 11, 1),
(752, 370, 11, 1),
(753, 382, 11, 1),
(754, 393, 11, 1),
(755, 394, 11, 1),
(756, 395, 11, 1),
(757, 400, 11, 2),
(758, 418, 11, 1),
(759, 419, 11, 1),
(760, 422, 11, 1),
(761, 423, 11, 1),
(762, 456, 11, 1),
(763, 457, 11, 1),
(764, 458, 11, 1),
(765, 484, 11, 1),
(766, 489, 11, 1),
(767, 490, 11, 1),
(768, 501, 11, 1),
(769, 502, 11, 1),
(770, 503, 11, 1),
(771, 515, 11, 1),
(772, 516, 11, 1),
(773, 535, 11, 1),
(774, 536, 11, 1),
(775, 537, 11, 1),
(776, 550, 11, 1),
(777, 564, 11, 1),
(778, 565, 11, 1),
(779, 580, 11, 1),
(780, 581, 11, 1),
(781, 592, 11, 1),
(782, 593, 11, 1),
(783, 594, 11, 1),
(784, 647, 11, 1),
(785, 656, 11, 1),
(786, 657, 11, 1),
(787, 658, 11, 1),
(788, 688, 11, 2),
(789, 689, 11, 2),
(790, 690, 11, 2),
(791, 692, 11, 1),
(792, 693, 11, 1),
(793, 721, 11, 2),
(794, 10009, 11, 2),
(795, 10014, 11, 1),
(796, 10016, 11, 1),
(797, 10024, 11, 1),
(798, 10036, 11, 1),
(799, 10041, 11, 1),
(800, 10064, 11, 1),
(801, 10070, 11, 1),
(802, 10071, 11, 1),
(803, 10077, 11, 1),
(804, 1, 12, 1),
(805, 2, 12, 1),
(806, 3, 12, 1),
(807, 43, 12, 1),
(808, 44, 12, 1),
(809, 45, 12, 1),
(810, 46, 12, 2),
(811, 47, 12, 2),
(812, 69, 12, 1),
(813, 70, 12, 1),
(814, 71, 12, 1),
(815, 102, 12, 1),
(816, 103, 12, 1),
(817, 114, 12, 1),
(818, 152, 12, 1),
(819, 153, 12, 1),
(820, 154, 12, 1),
(821, 182, 12, 1),
(822, 187, 12, 1),
(823, 188, 12, 1),
(824, 189, 12, 1),
(825, 191, 12, 1),
(826, 192, 12, 1),
(827, 251, 12, 2),
(828, 252, 12, 1),
(829, 253, 12, 1),
(830, 254, 12, 1),
(831, 270, 12, 2),
(832, 271, 12, 2),
(833, 272, 12, 2),
(834, 273, 12, 1),
(835, 274, 12, 1),
(836, 275, 12, 1),
(837, 285, 12, 1),
(838, 286, 12, 1),
(839, 315, 12, 1),
(840, 331, 12, 1),
(841, 332, 12, 1),
(842, 345, 12, 2),
(843, 346, 12, 2),
(844, 357, 12, 1),
(845, 387, 12, 1),
(846, 388, 12, 1),
(847, 389, 12, 1),
(848, 406, 12, 1),
(849, 407, 12, 1),
(850, 413, 12, 2),
(851, 420, 12, 1),
(852, 421, 12, 1),
(853, 455, 12, 1),
(854, 459, 12, 1),
(855, 460, 12, 1),
(856, 465, 12, 1),
(857, 470, 12, 1),
(858, 492, 12, 1),
(859, 495, 12, 1),
(860, 496, 12, 1),
(861, 497, 12, 1),
(862, 511, 12, 1),
(863, 512, 12, 1),
(864, 540, 12, 2),
(865, 541, 12, 2),
(866, 542, 12, 2),
(867, 546, 12, 1),
(868, 547, 12, 1),
(869, 548, 12, 1),
(870, 549, 12, 1),
(871, 556, 12, 1),
(872, 585, 12, 2),
(873, 586, 12, 2),
(874, 590, 12, 1),
(875, 591, 12, 1),
(876, 597, 12, 1),
(877, 598, 12, 1),
(878, 640, 12, 1),
(879, 650, 12, 1),
(880, 651, 12, 1),
(881, 652, 12, 1),
(882, 672, 12, 1),
(883, 673, 12, 1),
(884, 708, 12, 2),
(885, 709, 12, 2),
(886, 710, 12, 2),
(887, 711, 12, 2),
(888, 10006, 12, 1),
(889, 10012, 12, 2),
(890, 10027, 12, 2),
(891, 10028, 12, 2),
(892, 10029, 12, 2),
(893, 10030, 12, 2),
(894, 10031, 12, 2),
(895, 10032, 12, 2),
(896, 10033, 12, 1),
(897, 10060, 12, 1),
(898, 10065, 12, 1),
(899, 25, 13, 1),
(900, 26, 13, 1),
(901, 81, 13, 1),
(902, 82, 13, 1),
(903, 100, 13, 1),
(904, 101, 13, 1),
(905, 125, 13, 1),
(906, 135, 13, 1),
(907, 145, 13, 1),
(908, 170, 13, 2),
(909, 171, 13, 2),
(910, 172, 13, 1),
(911, 179, 13, 1),
(912, 180, 13, 1),
(913, 181, 13, 1),
(914, 239, 13, 1),
(915, 243, 13, 1),
(916, 309, 13, 1),
(917, 310, 13, 1),
(918, 311, 13, 1),
(919, 312, 13, 1),
(920, 403, 13, 1),
(921, 404, 13, 1),
(922, 405, 13, 1),
(923, 417, 13, 1),
(924, 462, 13, 1),
(925, 466, 13, 1),
(926, 479, 13, 1),
(927, 522, 13, 1),
(928, 523, 13, 1),
(929, 587, 13, 1),
(930, 595, 13, 2),
(931, 596, 13, 2),
(932, 602, 13, 1),
(933, 603, 13, 1),
(934, 604, 13, 1),
(935, 618, 13, 2),
(936, 642, 13, 1),
(937, 644, 13, 2),
(938, 694, 13, 1),
(939, 695, 13, 1),
(940, 702, 13, 1),
(941, 10008, 13, 1),
(942, 10009, 13, 1),
(943, 10010, 13, 1),
(944, 10011, 13, 1),
(945, 10012, 13, 1),
(946, 10020, 13, 1),
(947, 10045, 13, 1),
(948, 10055, 13, 1),
(949, 10080, 13, 1),
(950, 10081, 13, 1),
(951, 10082, 13, 1),
(952, 10083, 13, 1),
(953, 10084, 13, 1),
(954, 10085, 13, 1),
(955, 63, 14, 1),
(956, 64, 14, 1),
(957, 65, 14, 1),
(958, 79, 14, 2),
(959, 80, 14, 2),
(960, 96, 14, 1),
(961, 97, 14, 1),
(962, 102, 14, 2),
(963, 103, 14, 2),
(964, 121, 14, 2),
(965, 122, 14, 1),
(966, 124, 14, 2),
(967, 150, 14, 1),
(968, 151, 14, 1),
(969, 177, 14, 1),
(970, 178, 14, 1),
(971, 196, 14, 1),
(972, 199, 14, 2),
(973, 201, 14, 1),
(974, 202, 14, 1),
(975, 203, 14, 2),
(976, 238, 14, 2),
(977, 249, 14, 1),
(978, 251, 14, 1),
(979, 280, 14, 1),
(980, 281, 14, 1),
(981, 282, 14, 1),
(982, 307, 14, 2),
(983, 308, 14, 2),
(984, 325, 14, 1),
(985, 326, 14, 1),
(986, 337, 14, 2),
(987, 338, 14, 2),
(988, 343, 14, 2),
(989, 344, 14, 2),
(990, 358, 14, 1),
(991, 360, 14, 1),
(992, 374, 14, 2),
(993, 375, 14, 2),
(994, 376, 14, 2),
(995, 380, 14, 2),
(996, 381, 14, 2),
(997, 385, 14, 2),
(998, 386, 14, 1),
(999, 433, 14, 1),
(1000, 436, 14, 2),
(1001, 437, 14, 2),
(1002, 439, 14, 1),
(1003, 475, 14, 1),
(1004, 480, 14, 1),
(1005, 481, 14, 1),
(1006, 482, 14, 1),
(1007, 488, 14, 1),
(1008, 494, 14, 1),
(1009, 517, 14, 1),
(1010, 518, 14, 1),
(1011, 527, 14, 1),
(1012, 528, 14, 1),
(1013, 561, 14, 1),
(1014, 574, 14, 1),
(1015, 575, 14, 1),
(1016, 576, 14, 1),
(1017, 577, 14, 1),
(1018, 578, 14, 1),
(1019, 579, 14, 1),
(1020, 605, 14, 1),
(1021, 606, 14, 1),
(1022, 648, 14, 2),
(1023, 655, 14, 2),
(1024, 677, 14, 1),
(1025, 678, 14, 1),
(1026, 686, 14, 2),
(1027, 687, 14, 2),
(1028, 720, 14, 1),
(1029, 10001, 14, 1),
(1030, 10002, 14, 1),
(1031, 10003, 14, 1),
(1032, 10017, 14, 2),
(1033, 10025, 14, 1),
(1034, 10037, 14, 1),
(1035, 10043, 14, 1),
(1036, 10044, 14, 1),
(1037, 10051, 14, 1),
(1038, 10054, 14, 2),
(1039, 10062, 14, 2),
(1040, 10063, 14, 2),
(1041, 10068, 14, 1),
(1042, 10071, 14, 2),
(1043, 10076, 14, 2),
(1044, 10086, 14, 1),
(1045, 87, 15, 2),
(1046, 91, 15, 2),
(1047, 124, 15, 1),
(1048, 131, 15, 2),
(1049, 144, 15, 1),
(1050, 215, 15, 2),
(1051, 220, 15, 1),
(1052, 221, 15, 1),
(1053, 225, 15, 1),
(1054, 238, 15, 1),
(1055, 361, 15, 1),
(1056, 362, 15, 1),
(1057, 363, 15, 1),
(1058, 364, 15, 1),
(1059, 365, 15, 1),
(1060, 378, 15, 1),
(1061, 459, 15, 2),
(1062, 460, 15, 2),
(1063, 461, 15, 2),
(1064, 471, 15, 1),
(1065, 473, 15, 1),
(1066, 478, 15, 1),
(1067, 582, 15, 1),
(1068, 583, 15, 1),
(1069, 584, 15, 1),
(1070, 613, 15, 1),
(1071, 614, 15, 1),
(1072, 615, 15, 1),
(1073, 646, 15, 2),
(1074, 698, 15, 2),
(1075, 699, 15, 2),
(1076, 712, 15, 1),
(1077, 713, 15, 1),
(1078, 10010, 15, 2),
(1079, 10015, 15, 1),
(1080, 10022, 15, 2),
(1081, 10023, 15, 2),
(1082, 10060, 15, 2),
(1083, 10074, 15, 1),
(1084, 147, 16, 1),
(1085, 148, 16, 1),
(1086, 149, 16, 1),
(1087, 230, 16, 2),
(1088, 329, 16, 2),
(1089, 330, 16, 2),
(1090, 334, 16, 1),
(1091, 371, 16, 1),
(1092, 372, 16, 1),
(1093, 373, 16, 1),
(1094, 380, 16, 1),
(1095, 381, 16, 1),
(1096, 384, 16, 1),
(1097, 443, 16, 1),
(1098, 444, 16, 1),
(1099, 445, 16, 1),
(1100, 483, 16, 2),
(1101, 484, 16, 2),
(1102, 487, 16, 2),
(1103, 610, 16, 1),
(1104, 611, 16, 1),
(1105, 612, 16, 1),
(1106, 621, 16, 1),
(1107, 633, 16, 2),
(1108, 634, 16, 2),
(1109, 635, 16, 2),
(1110, 643, 16, 1),
(1111, 644, 16, 1),
(1112, 646, 16, 1),
(1113, 691, 16, 2),
(1114, 696, 16, 2),
(1115, 697, 16, 2),
(1116, 704, 16, 1),
(1117, 705, 16, 1),
(1118, 706, 16, 1),
(1119, 714, 16, 2),
(1120, 715, 16, 2),
(1121, 718, 16, 1),
(1122, 10007, 16, 2),
(1123, 10022, 16, 1),
(1124, 10023, 16, 1),
(1125, 10034, 16, 2),
(1126, 10045, 16, 2),
(1127, 10058, 16, 1),
(1128, 10062, 16, 1),
(1129, 10063, 16, 1),
(1130, 10065, 16, 2),
(1131, 10067, 16, 1),
(1132, 10079, 16, 1),
(1133, 10089, 16, 1),
(1134, 197, 17, 1),
(1135, 198, 17, 1),
(1136, 215, 17, 1),
(1137, 228, 17, 1),
(1138, 229, 17, 1),
(1139, 248, 17, 2),
(1140, 261, 17, 1),
(1141, 262, 17, 1),
(1142, 274, 17, 2),
(1143, 275, 17, 2),
(1144, 302, 17, 1),
(1145, 318, 17, 2),
(1146, 319, 17, 2),
(1147, 332, 17, 2),
(1148, 342, 17, 2),
(1149, 359, 17, 1),
(1150, 430, 17, 1),
(1151, 434, 17, 2),
(1152, 435, 17, 2),
(1153, 442, 17, 2),
(1154, 452, 17, 2),
(1155, 461, 17, 1),
(1156, 491, 17, 1),
(1157, 509, 17, 1),
(1158, 510, 17, 1),
(1159, 551, 17, 2),
(1160, 552, 17, 2),
(1161, 553, 17, 2),
(1162, 559, 17, 1),
(1163, 560, 17, 1),
(1164, 570, 17, 1),
(1165, 571, 17, 1),
(1166, 624, 17, 1),
(1167, 625, 17, 1),
(1168, 629, 17, 1),
(1169, 630, 17, 1),
(1170, 633, 17, 1),
(1171, 634, 17, 1),
(1172, 635, 17, 1),
(1173, 658, 17, 2),
(1174, 675, 17, 2),
(1175, 686, 17, 1),
(1176, 687, 17, 1),
(1177, 717, 17, 1),
(1178, 10041, 17, 2),
(1179, 10048, 17, 1),
(1180, 10049, 17, 2),
(1181, 10057, 17, 1),
(1182, 10066, 17, 1),
(1183, 10070, 17, 2),
(1184, 10086, 17, 2),
(1185, 35, 18, 1),
(1186, 36, 18, 1),
(1187, 39, 18, 2),
(1188, 40, 18, 2),
(1189, 122, 18, 2),
(1190, 173, 18, 1),
(1191, 174, 18, 2),
(1192, 175, 18, 1),
(1193, 176, 18, 1),
(1194, 183, 18, 2),
(1195, 184, 18, 2),
(1196, 209, 18, 1),
(1197, 210, 18, 1),
(1198, 280, 18, 2),
(1199, 281, 18, 2),
(1200, 282, 18, 2),
(1201, 298, 18, 2),
(1202, 303, 18, 2),
(1203, 439, 18, 2),
(1204, 468, 18, 1),
(1205, 546, 18, 2),
(1206, 547, 18, 2),
(1207, 669, 18, 1),
(1208, 670, 18, 1),
(1209, 671, 18, 1),
(1210, 682, 18, 1),
(1211, 683, 18, 1),
(1212, 684, 18, 1),
(1213, 685, 18, 1),
(1214, 700, 18, 1),
(1215, 702, 18, 2),
(1216, 703, 18, 2),
(1217, 707, 18, 2),
(1218, 716, 18, 1),
(1219, 719, 18, 2),
(1220, 10051, 18, 2),
(1221, 10052, 18, 2),
(1222, 10061, 18, 1),
(1223, 10067, 18, 2),
(1224, 10069, 18, 2),
(1225, 10075, 18, 2);

-- --------------------------------------------------------

--
-- Table structure for table `types`
--

CREATE TABLE `types` (
  `id` int(11) NOT NULL,
  `name` varchar(45) DEFAULT NULL,
  `damage_type_id` int(11) DEFAULT NULL
) ENGINE=InnoDB DEFAULT CHARSET=utf8mb4;

--
-- Dumping data for table `types`
--

INSERT INTO `types` (`id`, `name`, `damage_type_id`) VALUES
(1, 'normal', 1),
(2, 'fighting', 2),
(3, 'flying', 3),
(4, 'poison', 4),
(5, 'ground', 5),
(6, 'rock', 6),
(7, 'bug', 7),
(8, 'ghost', 8),
(9, 'steel', 9),
(10, 'fire', 10),
(11, 'water', 11),
(12, 'grass', 12),
(13, 'electric', 13),
(14, 'psychic', 14),
(15, 'ice', 15),
(16, 'dragon', 16),
(17, 'dark', 17),
(18, 'fairy', 18),
(10001, 'unknown', 1),
(10002, 'shadow', 2);

--
-- Indexes for dumped tables
--

--
-- Indexes for table `pokemons`
--
ALTER TABLE `pokemons`
  ADD PRIMARY KEY (`id`);

--
-- Indexes for table `pokemon_types`
--
ALTER TABLE `pokemon_types`
  ADD PRIMARY KEY (`id`);

--
-- Indexes for table `types`
--
ALTER TABLE `types`
  ADD PRIMARY KEY (`id`);

--
-- AUTO_INCREMENT for dumped tables
--

--
-- AUTO_INCREMENT for table `pokemons`
--
ALTER TABLE `pokemons`
  MODIFY `id` int(11) NOT NULL AUTO_INCREMENT, AUTO_INCREMENT=731;

--
-- AUTO_INCREMENT for table `pokemon_types`
--
ALTER TABLE `pokemon_types`
  MODIFY `id` int(11) NOT NULL AUTO_INCREMENT, AUTO_INCREMENT=1226;

--
-- AUTO_INCREMENT for table `types`
--
ALTER TABLE `types`
  MODIFY `id` int(11) NOT NULL AUTO_INCREMENT, AUTO_INCREMENT=10003;
COMMIT;

/*!40101 SET CHARACTER_SET_CLIENT=@OLD_CHARACTER_SET_CLIENT */;
/*!40101 SET CHARACTER_SET_RESULTS=@OLD_CHARACTER_SET_RESULTS */;
/*!40101 SET COLLATION_CONNECTION=@OLD_COLLATION_CONNECTION */;
